,slope,error on slope,intercept,error on intercept,r value,p value
0,49.321231045927846,89.01525442758394,-358280798.5284204,1108547270.4622364,0.12949734812593877,0.58634512828224
