,slope,error on slope,intercept,error on intercept,r value,p value
0,0.09987775184197965,0.22065567726397342,2338633.2901500044,131555.315265815,0.10608639668127626,0.6562155575997934
